{
  "cacheBootResources": true,
  "config": [ ],
  "debugBuild": false,
  "entryAssembly": "VeterinarSite.Client",
  "icuDataMode": 0,
  "linkerEnabled": true,
  "resources": {
    "assembly": {
      "Azure.Core.dll": "sha256-mV+r6h4Q5bYNZWmGqnlVh8j+RvQCuCLcaJBse6KNzZQ=",
      "Azure.Identity.dll": "sha256-3I+KiqSx+vChzrz8oSO5j2hbj7gSL1YGcIsSOkurkYI=",
      "Humanizer.dll": "sha256-1oUwdVR9fjA+\/WA1TZEaL\/GO26WCzaL6WdkaLl3Pnpg=",
      "Microsoft.AspNetCore.Components.dll": "sha256-mpGEx8XdHo\/jsKiMFANJJZ2EnPyUTMRA06YbkgTz21Q=",
      "Microsoft.AspNetCore.Components.Forms.dll": "sha256-1y1nm6U7HbDjIQDJu2u84LDhgtZmVpISTUzpwWFCPdc=",
      "Microsoft.AspNetCore.Components.Web.dll": "sha256-2Aw4cv7Pw3DDJNR2a2ljbKDHdYAieJdzHih3LgviIX8=",
      "Microsoft.AspNetCore.Components.WebAssembly.dll": "sha256-hepV5pDyxyzRHRs2NE70mBfsB5JRqzJzD1aUK92t40w=",
      "Microsoft.Bcl.AsyncInterfaces.dll": "sha256-EcDo\/GQZkQrOT1Xd0jMPE3NwT5lsMq5DNsPxHVidLDQ=",
      "Microsoft.CSharp.dll": "sha256-MVWM5ArHzxNWc4pFLkqcNDfrFOvffn8STy4dwdUb6ag=",
      "Microsoft.Data.SqlClient.dll": "sha256-PGg6gVwXx1Y63UlgP63wJyiehXdRScm2RIyuoMMkUYE=",
      "Microsoft.EntityFrameworkCore.Abstractions.dll": "sha256-jo+5cE6q2d5qobTsn6oA+DqRZ+PcU0i\/BrUvb856Ckc=",
      "Microsoft.EntityFrameworkCore.Design.dll": "sha256-SlkgJK+f3ry\/8uvIcq+oe2ua\/PKAnj1148483Mad5ZU=",
      "Microsoft.EntityFrameworkCore.dll": "sha256-2bye6kmJdKdsaD5VUxKxEhQJjzaC62yw3BYWUvNZB6o=",
      "Microsoft.EntityFrameworkCore.Relational.dll": "sha256-rYh1dfpwtMLvmtKSqlJKBXHbScSem78+I9lRNY5k+qY=",
      "Microsoft.EntityFrameworkCore.SqlServer.dll": "sha256-J89F5UafxNQusWR64z0JOQ0ahPTftMXKzEwzlrequg8=",
      "Microsoft.Extensions.Caching.Abstractions.dll": "sha256-\/tyh7egiLu4KQjrHRnA0T3Wf0LSy8QEURfDayYx6pqw=",
      "Microsoft.Extensions.Caching.Memory.dll": "sha256-QZIKlRjOdYM7YvXcguu\/Y26OSDhAew\/L\/JLQLq8NLBk=",
      "Microsoft.Extensions.Configuration.Abstractions.dll": "sha256-zPrznfdS+m7YwtPlPbuoyIaTVAFL+pGpxB85SfY\/GHI=",
      "Microsoft.Extensions.Configuration.dll": "sha256-97jGwEfo9qEnKVJjQ9aUbJKs3XToh+lIL3b6GgZu+W0=",
      "Microsoft.Extensions.Configuration.Json.dll": "sha256-jpHqhJKCZJDaArjbZDBiFBLqpxgMuvK13\/U7cslEqrI=",
      "Microsoft.Extensions.DependencyInjection.Abstractions.dll": "sha256-KZg5IJBzau6ewB4xD5NEocUiFpnn+wgqu44yLu6WtCk=",
      "Microsoft.Extensions.DependencyInjection.dll": "sha256-442FcJBwk9RZIgUCH\/yhRB0f0iVOV01kHGKnBXqq848=",
      "Microsoft.Extensions.DependencyModel.dll": "sha256-OI3KMsVcCdf0oZuGJNEHimN1BtG5me2MBR2PVrV0pKg=",
      "Microsoft.Extensions.Logging.Abstractions.dll": "sha256-20biiHvELKfwpU9pp3OWuSvlr8ZgqpEp3qa9ZfqBP38=",
      "Microsoft.Extensions.Logging.dll": "sha256-UKmA6aVBMp5R7E0SDwiF+ortbE0fUrm6cueUUqNorEU=",
      "Microsoft.Extensions.Options.dll": "sha256-lbu92A\/pco5eSaOl+FNslkyhzryyqbsOJQjBkL7b6tA=",
      "Microsoft.Extensions.Primitives.dll": "sha256-5VSkfCDSeNpwbdj4sgfn5R6r6Re1NWtov23rRYMUGcU=",
      "Microsoft.Identity.Client.dll": "sha256-egOWTm7rhv0RJR5Yn9iEFxss7A3TKxdtcBaAuuRIcbk=",
      "Microsoft.Identity.Client.Extensions.Msal.dll": "sha256-mLxjTi1w\/CSUlj2ix1MmsNQQULcIezI\/xAKrLCfG5mw=",
      "Microsoft.IdentityModel.Abstractions.dll": "sha256-oGS8AsN70kjfdLCn3UYa8bI3q9nLLpo2S2WVobap9Ik=",
      "Microsoft.IdentityModel.JsonWebTokens.dll": "sha256-md9I83a0\/ocnnVEnbcPTo3mSv38FoYNn9P+1gojjReQ=",
      "Microsoft.IdentityModel.Logging.dll": "sha256-2rF+bIGsX7XXwRuHu78s9XpS7Y3k0GpR\/SfRTTe+qnc=",
      "Microsoft.IdentityModel.Protocols.dll": "sha256-F7e5e7\/aNWS6z35YitdWLFiBXkKvbciqcCpRMZMqQyI=",
      "Microsoft.IdentityModel.Protocols.OpenIdConnect.dll": "sha256-z6nCPvCIOhdCXMg5R5ytYAAxj4EJaTLWVWKHdng9k18=",
      "Microsoft.IdentityModel.Tokens.dll": "sha256-J4gVhNu81SaFGD7bDdUjBooAZOZYZ17Rqgmuwd8zLFI=",
      "Microsoft.JSInterop.dll": "sha256-08Hpgc22R1p971otZHL5WzZbC+Zw6gnt7ZFcGcdMGdQ=",
      "Microsoft.JSInterop.WebAssembly.dll": "sha256-Ukwj9ZwizjxIbrzia3T7lzodzJYfVjPn96KPpHADmDo=",
      "Microsoft.SqlServer.Server.dll": "sha256-qdyhtCvIdflmt4ssCIDmK4OPDtZWcWbX8fB65LduxL8=",
      "Microsoft.Win32.Primitives.dll": "sha256-wFrqu7OCusqN+Df2\/Fv1EOXj8pMPCRMlafibV8cwBpg=",
      "Microsoft.Win32.SystemEvents.dll": "sha256-QV6B1p\/dQJO7qHvPN0JZr5UKKFp+s9zZSnViNcpgVN8=",
      "Mono.TextTemplating.dll": "sha256-57img5VLX+wAnl9OVpb+sxtMXVadVaRjPPWtsObQbOw=",
      "netstandard.dll": "sha256-G6Y626Q6vGOmf0BaY7ig0BGrB+5Fo4jDK7psHuzeixg=",
      "Radzen.Blazor.dll": "sha256-Lnup1kQT4DC94rjB5eo7+O4Rmt0DgVA4wOwSjxFshp0=",
      "System.CodeDom.dll": "sha256-Wux4xpM0\/BzRySb0qchXJg3S4D\/xc56W3vHWgpa4a4s=",
      "System.Collections.Concurrent.dll": "sha256-URVW+nsB0tFyovpLNaKewCvi+qYF0BIND4eYlQDBcYE=",
      "System.Collections.dll": "sha256-uVAf+6YY\/gmo8LWWX\/EbQQAGAkzytr83\/twdoROcWJc=",
      "System.Collections.Immutable.dll": "sha256-d+xDXi7sZ60zkoDGitZcrzcqYL2r\/24UC6T978EtfoE=",
      "System.Collections.NonGeneric.dll": "sha256-getjPfemr25eLQPEnmip17Ol93rDV1kjgj35RLYoGEE=",
      "System.Collections.Specialized.dll": "sha256-oRvq0OXj1WfYE\/uxTMe7MFgyrM\/qkcsPmcnuHHZVkR0=",
      "System.ComponentModel.Annotations.dll": "sha256-tq9CCvHm2xNyn+Xo7ikPNaRXrP35Sc9hHtsAo\/am45g=",
      "System.ComponentModel.dll": "sha256-n01zdYS76w58ZfXwmFy9k83xT7q98vL+mxqDTkVwrG8=",
      "System.ComponentModel.EventBasedAsync.dll": "sha256-WZcSr1qWC7YL3K6VmEv4k1qsrwU31R1YsPZYn5n56eo=",
      "System.ComponentModel.Primitives.dll": "sha256-pC1uUU837p5hHDR1enn+q6IgyQY1lvU1qlZyVK0r2Lo=",
      "System.ComponentModel.TypeConverter.dll": "sha256-vywQR3MJXF05o6DvUiYnfiwlUDsT0i03yvHex6tUm0c=",
      "System.Configuration.ConfigurationManager.dll": "sha256-+f64HaAirEWLvWch3\/6+N1Zdy9ME\/tYHmtCceoLR\/GA=",
      "System.Console.dll": "sha256-HNtZe0egPJP0Jyx4Ofq7oe40hTp4zbFsLl6Zb+exwz4=",
      "System.Core.dll": "sha256-b20fyvrLkpiQYsBafKLpyQJOCbt6f8GWzMuQXjTIyq4=",
      "System.Data.Common.dll": "sha256-3u\/LcY8RZZH48Qpl+iFfploWuMlaz7mQCRCsfzRLXbc=",
      "System.Diagnostics.Debug.dll": "sha256-Gq1yvRMaCrVgzTknw82+t4wJiSdH2fOjrIh0E+eOPWU=",
      "System.Diagnostics.DiagnosticSource.dll": "sha256-cvh0++E3KV4X90qKzNkKu1AlYjFGUknsvk05qMk2uHg=",
      "System.Diagnostics.Process.dll": "sha256-IhyjGx1fML8k\/5zQkDJ7MJNIcfYe3XV++kY7b0ocp\/A=",
      "System.Diagnostics.TraceSource.dll": "sha256-WMdaU1LVLS3jK4k6L45\/5uRE3KauLxAYaZAHh1dZsKg=",
      "System.Diagnostics.Tracing.dll": "sha256-Mh9W6tGha2TobNokdunvqa+Hs7R0v0ucrSy6qk3hrWc=",
      "System.dll": "sha256-Yr1OjDoxItBeCOezxMO6ipfOl\/4cwxUseMj56i7dPRs=",
      "System.Drawing.Common.dll": "sha256-7uPT5rut3tQSDW1wIYatIZCwr80dn7EjO3JUFel1bS0=",
      "System.Drawing.dll": "sha256-BJEjAp8PdZpOOz8vKPO6qYb\/mdmvZtbphOQTBkpxbn8=",
      "System.Drawing.Primitives.dll": "sha256-B6pKJYfjvt2KO8YfHqwb7mwUb4GC6F6nukmVU\/04NzY=",
      "System.Formats.Asn1.dll": "sha256-iLbM0VZfWiyzBFM8oqtU+XXSTguxxI3ksT1xV+jzEHU=",
      "System.IdentityModel.Tokens.Jwt.dll": "sha256-KrOPRNkpSD7pfhVRd2cTecXC69Rt7TVEkjqdRe8FMD8=",
      "System.IO.Compression.dll": "sha256-Vjj+Sq1VD1ok9BA1Qv1k5z418A26jDR9bbA0Uy\/2ieM=",
      "System.IO.FileSystem.dll": "sha256-UrJPW+ioc0gJdHR8urjxZa9mUBcypOo5Krnm6UuxryM=",
      "System.IO.FileSystem.Watcher.dll": "sha256-m1LwLh5EjhXKfVW\/j71KVXuFRNMCUslLqXLd9pkdlw0=",
      "System.IO.MemoryMappedFiles.dll": "sha256-HbHlxLVlp0dGiztFt7wQzgvzYHFrGu4FPD71RYDcXso=",
      "System.Linq.dll": "sha256-2O5Asm4Q9mtJjgQnedOpfHUiSP6I1kGpdyfSiyWk+So=",
      "System.Linq.Dynamic.Core.dll": "sha256-SetHNtEBbS0VL\/dxzjLcAGfOJQ1aCdalKVL6isWUm2M=",
      "System.Linq.Expressions.dll": "sha256-nF+\/mx9ujobnFbQa2Phzu7Wql4GsCxce70p6VZgENd0=",
      "System.Linq.Queryable.dll": "sha256-a0+p9ZzQw7KXTjxiESNrmgbKdaI1lMlNkFnduadlruM=",
      "System.Memory.Data.dll": "sha256-KTyl2GNY+yzgDaAsY+78s0Ron8DGNrYcl8PxsVqAqlE=",
      "System.Memory.dll": "sha256-xhkIrm9cgK\/HEOxkp2kj8Z3ZAJizC43n882KufwPgeM=",
      "System.Net.Http.dll": "sha256-NO4OEHh6EskDiH6hIiWvXcI9gk8jE+baeRZrfRYdYhg=",
      "System.Net.HttpListener.dll": "sha256-L9oQosAl6KD2FeWim3fA\/KVrVDrACYsYaVwLGpIf8xI=",
      "System.Net.NetworkInformation.dll": "sha256-AP4oL4yJgcdmhk3zau9ZqVp3PavlE+Jy92WLGqNznQI=",
      "System.Net.Primitives.dll": "sha256-5NiaqcVoyIsrWq5ptN3nzkyB5TI2MRarp31yZp\/N+k4=",
      "System.Net.Security.dll": "sha256-0C9\/agBrRCGlaoRaIgYg1FBiui3Srjt815oWlSdZAwY=",
      "System.Net.Sockets.dll": "sha256-205tHhstuyhO\/4rPpL+ZbUHeq028CianiaHaAKzjjxk=",
      "System.Net.WebClient.dll": "sha256-jpqOqYBLsHSwx+ADtz8PJywR7ki9TRYSlZL4y2Tcvzs=",
      "System.ObjectModel.dll": "sha256-gxe1H48t+2YEDPG2TNtYhUhHvfmKH6MDWMibQoZK6ew=",
      "System.Private.CoreLib.dll": "sha256-k91GweLAaCyVqxc3ccKOis2MxrLOryvsiEtQAAF5dSQ=",
      "System.Private.Uri.dll": "sha256-nlWA1D2QkHyVtzersIrVqvFwVGP3lWIJL4Q\/E5pSZaI=",
      "System.Private.Xml.dll": "sha256-DkQAE\/OZeNWSGgVbCm1DqltLfAC5lbTKlnXJ6PgIz6o=",
      "System.Private.Xml.Linq.dll": "sha256-SdClu3o8Odzm41SbZB4n1+PthwieH6mZp7jrwxWFpSc=",
      "System.Reflection.Emit.dll": "sha256-kEly+8LH0yVburX\/B+jKkKX3\/SFvZ\/On3Su+9XzNYO8=",
      "System.Reflection.Emit.ILGeneration.dll": "sha256-u1fji7J7S5Xe3raU9fIk6VPMayk5WexZZz1EgrEZWE0=",
      "System.Reflection.Emit.Lightweight.dll": "sha256-\/sQG8mzmZIl22xkr4BLmtLbbryWN8bzeOBVCDnii8Ok=",
      "System.Reflection.Metadata.dll": "sha256-bOeftuajQ9FUcMlmO6TYnrJqLkhjJs9YGpZojA1HhYo=",
      "System.Reflection.Primitives.dll": "sha256-OlzOPLFBN51ue+aGuOaKJNRhaU9EORfGbeujMcoK7\/g=",
      "System.Resources.ResourceManager.dll": "sha256-qyYxjkTGHLGSsVKrqnwkyg94LpgDSkQ4\/YieFP\/wsY0=",
      "System.Runtime.Caching.dll": "sha256-hRr3qHOzX6EbgHRUng6YZvLzDQ8Lv2Nn+m4SFFisBoA=",
      "System.Runtime.dll": "sha256-5xt3AEoLtlToGkVZCiSUzzf33E2AXNIucQzQFGIo\/Vg=",
      "System.Runtime.Extensions.dll": "sha256-4QtL1s5O9wyGTCmFbXcI9bcT0sJeJ95IkNFojPUHLxY=",
      "System.Runtime.InteropServices.dll": "sha256-jFbbMh4vuttInWZQWpmrQEpwZFU5A+5mESF+rVueNUI=",
      "System.Runtime.InteropServices.JavaScript.dll": "sha256-Oq8wzTNIJsih1KEt5xIdUYjErcgi5W2UBXSxp2NRu8c=",
      "System.Runtime.InteropServices.RuntimeInformation.dll": "sha256-l5FF4UJ7e9yLaMJqGUAkolsKWPaIYAFpW95mC5CEQhU=",
      "System.Runtime.Numerics.dll": "sha256-vaRPHpwrxLSaQKP\/9Wd2Mko+iitm2pr6hGjq5iMnXeI=",
      "System.Runtime.Serialization.Formatters.dll": "sha256-x5hUIWYeHZbjsRwgU5j6LCMkSuY55PTxA3xpAfL7mdQ=",
      "System.Runtime.Serialization.Primitives.dll": "sha256-B125kbdsGWVOTZpv4CE0DWqqWSnYZeCzvb8tR37AOUQ=",
      "System.Security.AccessControl.dll": "sha256-a+i7XhgjgD5e9bJsEffc\/+Den3dd+njT7YEDy8CgOLA=",
      "System.Security.Claims.dll": "sha256-WoAKDtXxmXMYFLqQCVo8XQTIG0QKKaDbn+nXQBSgZE4=",
      "System.Security.Cryptography.Algorithms.dll": "sha256-WCMLGVy\/EvPvEf8J9paeCfQnqUs9M57Nh2m3ZoasXC4=",
      "System.Security.Cryptography.Cng.dll": "sha256-jF8R143hppqXRSwusJhhQ3dB7eUdvwOYe5SeMOBoVwQ=",
      "System.Security.Cryptography.Csp.dll": "sha256-H5xvm\/OXKue7sMi3RQYb\/ODv6cUFj6eLN0mgpQZyAO8=",
      "System.Security.Cryptography.dll": "sha256-f+qBNye1HwJ7I+u\/Yd6EUxxiFRftXke6\/kD4QirS\/aM=",
      "System.Security.Cryptography.Encoding.dll": "sha256-sYvgE87XFdm3nvwTiUCphAzBxMUvpAfQ5VRRv57Zuuo=",
      "System.Security.Cryptography.Primitives.dll": "sha256-XST\/bOeRcLKfAsO4kzPn2nYiQsiP5LYDjGx68Uxvof4=",
      "System.Security.Cryptography.ProtectedData.dll": "sha256-o9hgrSsHZUHXSE21NQsd2rTAi1DjeRPsKygFEIhV7VA=",
      "System.Security.Cryptography.X509Certificates.dll": "sha256-3RHDcvABSGfmGOF8Rn+iBMK8h\/jyBAbLOf54Mz2RQ6U=",
      "System.Security.Permissions.dll": "sha256-AW\/sG8Kc4uNCDcvJW3C4knYf5kBPjdRR8bV5mb8A4pg=",
      "System.Security.Principal.dll": "sha256-hiuuqXV7VU4QiJSeqLoG2fFrkgW2EkPiDp3wCvi7Q\/A=",
      "System.Security.Principal.Windows.dll": "sha256-IcaKqLXmQ0poKlr\/TCkpYmPeuiwz5lWFgBkI29MKJZk=",
      "System.Text.Encoding.Extensions.dll": "sha256-ydOWJnyD0NUyF8bb9Ai91ivmkNgpbg5gQEqY6PO5C40=",
      "System.Text.Encodings.Web.dll": "sha256-ijfUB4XQKcHTg8+0NozplDy4wSmJoHwmsYZvsaWMkFg=",
      "System.Text.Json.dll": "sha256-rrqXmcZhI2txsm+t5N4czHaAVzFw2yYPhzh3sT4KKng=",
      "System.Text.RegularExpressions.dll": "sha256-wgwhYRcF5iGWWT+NNkMlI+Q6Xawm1ehL4WUigU\/XWr8=",
      "System.Threading.dll": "sha256-WYYodql5VbEsBnGXrVANSY+dXdShQfaDXA++qzPrBEs=",
      "System.Threading.Tasks.dll": "sha256-s\/y0twqieAlD7UPNEMTprzZPyjx8JmSSSzGPFsZWDwM=",
      "System.Threading.Tasks.Extensions.dll": "sha256-u2qu1H3CtsOPC6A4Ya1NnC81nTzQZP9yYATLQfuFWZY=",
      "System.Threading.Thread.dll": "sha256-CUq3w1SLjXN+x9oHxEItlt2tLv9nzbd\/TwBEZC8cXh4=",
      "System.Transactions.Local.dll": "sha256-tSe13eB875nLREpkBGjWkhcwz\/NEil4JtSwTVkM7RyU=",
      "System.Web.HttpUtility.dll": "sha256-8CX4kRSDMx4WGtsTRH1dCC2CY8FPnnC\/LPJIMCrvUgg=",
      "System.Windows.Extensions.dll": "sha256-BbG3Acl8iXmfE3LuNvbKYS6X2odUBKq\/rEdnj+dGEos=",
      "System.Xml.Linq.dll": "sha256-LZ1wGBLBug9f9m\/SZ2FQDHiJstSKhRh\/GwIAHR\/rYXs=",
      "System.Xml.ReaderWriter.dll": "sha256-l94\/K3N4XH4Euo5QCnZDcoCmIO8VAWedrQsPwNsgggk=",
      "System.Xml.XDocument.dll": "sha256-XOf+2kKNgbU9zIH9bkNtFpXyxUxsRzr7Y51PDP4dAnA=",
      "VeterinarSite.Client.dll": "sha256-ZIrOQEYIsrwe6ugoHeySxu7eigf1+vpk2ZPVLix9QlE=",
      "VeterinarSite.Shared.dll": "sha256-VXo4ypdHLZ9JSWB+jPi9KkpbKSs14ODdpSUU8YdanEU="
    },
    "extensions": null,
    "lazyAssembly": null,
    "libraryInitializers": null,
    "pdb": null,
    "runtime": {
      "dotnet.7.0.1.nf2jr51nuj.js": "sha256-jjax3FMRXzFAziWowdtJf6vipP2xXAaA5gD6VBYB6Y0=",
      "dotnet.timezones.blat": "sha256-6Aw0ALXLw\/A0vGcC5uG5GnFafYpL\/iHHLo22LyOR+TA=",
      "dotnet.wasm": "sha256-Oxa1EqglhbokFBgIlQ\/Lf4Btg4+I+RdxbMV39OEOUxE=",
      "icudt_CJK.dat": "sha256-SZLtQnRc0JkwqHab0VUVP7T3uBPSeYzxzDnpxPpUnHk=",
      "icudt_EFIGS.dat": "sha256-l7NtS3cI+3VUoQ2XQvlzMb8x4Ow1BtnOJNLWc6bifW0=",
      "icudt_no_CJK.dat": "sha256-SNAStZO8ryN4gEbGzRYHea+b+VMpFMMNWXKTM3Y1gH4=",
      "icudt.dat": "sha256-DXO3tJHXDOV4qgW\/w8ooggAgZdAVpa5ZllYYAQWpYIk="
    },
    "runtimeAssets": {
      "dotnet.wasm": {
        "behavior": "dotnetwasm",
        "hash": "sha256-Oxa1EqglhbokFBgIlQ\/Lf4Btg4+I+RdxbMV39OEOUxE="
      }
    },
    "satelliteResources": null
  }
}